"CubeId","snboffzisa"
"PublishingDate","2025-08-21 09:00"

"Date","D0","Value"
"2000-01","LZ",
"2000-01","UG0","1.25"
"2000-01","OG0","2.25"
"2000-01","UG1","5.5"
"2000-01","OG1","5.5"
"2000-01","H","3"
"2000-01","SRF","4"
"2000-01","EF","2"
"2000-01","L0","5.75"
"2000-01","L1","0"
"2000-02","LZ",
"2000-02","UG0","1.75"
"2000-02","OG0","2.75"
"2000-02","UG1","5.75"
"2000-02","OG1","5.75"
"2000-02","H","3.25"
"2000-02","SRF","4.25"
"2000-02","EF","2.25"
"2000-02","L0","6"
"2000-02","L1","0"
"2000-03","LZ",
"2000-03","UG0","2.5"
"2000-03","OG0","3.5"
"2000-03","UG1","6"
"2000-03","OG1","6"
"2000-03","H","3.5"
"2000-03","SRF","4.5"
"2000-03","EF","2.5"
"2000-03","L0","6"
"2000-03","L1","0"
"2000-04","LZ",
"2000-04","UG0","2.5"
"2000-04","OG0","3.5"
"2000-04","UG1","6"
"2000-04","OG1","6"
"2000-04","H","3.75"
"2000-04","SRF","4.75"
"2000-04","EF","2.75"
"2000-04","L0","6"
"2000-04","L1","0"
"2000-05","LZ",
"2000-05","UG0","2.5"
"2000-05","OG0","3.5"
"2000-05","UG1","6.5"
"2000-05","OG1","6.5"
"2000-05","H","3.75"
"2000-05","SRF","4.75"
"2000-05","EF","2.75"
"2000-05","L0","6"
"2000-05","L1","0"
"2000-06","LZ",
"2000-06","UG0","3"
"2000-06","OG0","4"
"2000-06","UG1","6.5"
"2000-06","OG1","6.5"
"2000-06","H","4.25"
"2000-06","SRF","5.25"
"2000-06","EF","3.25"
"2000-06","L0","6"
"2000-06","L1","0"
"2000-07","LZ",
"2000-07","UG0","3"
"2000-07","OG0","4"
"2000-07","UG1","6.5"
"2000-07","OG1","6.5"
"2000-07","H","4.25"
"2000-07","SRF","5.25"
"2000-07","EF","3.25"
"2000-07","L0","6"
"2000-07","L1","0"
"2000-08","LZ",
"2000-08","UG0","3"
"2000-08","OG0","4"
"2000-08","UG1","6.5"
"2000-08","OG1","6.5"
"2000-08","H","4.5"
"2000-08","SRF","5.25"
"2000-08","EF","3.25"
"2000-08","L0","6"
"2000-08","L1","0.25"
"2000-09","LZ",
"2000-09","UG0","3"
"2000-09","OG0","4"
"2000-09","UG1","6.5"
"2000-09","OG1","6.5"
"2000-09","H","4.5"
"2000-09","SRF","5.5"
"2000-09","EF","3.5"
"2000-09","L0","6"
"2000-09","L1","0.25"
"2000-10","LZ",
"2000-10","UG0","3"
"2000-10","OG0","4"
"2000-10","UG1","6.5"
"2000-10","OG1","6.5"
"2000-10","H","4.75"
"2000-10","SRF","5.75"
"2000-10","EF","3.75"
"2000-10","L0","6"
"2000-10","L1","0.25"
"2000-11","LZ",
"2000-11","UG0","3"
"2000-11","OG0","4"
"2000-11","UG1","6.5"
"2000-11","OG1","6.5"
"2000-11","H","4.75"
"2000-11","SRF","5.75"
"2000-11","EF","3.75"
"2000-11","L0","6"
"2000-11","L1","0.25"
"2000-12","LZ",
"2000-12","UG0","3"
"2000-12","OG0","4"
"2000-12","UG1","6.5"
"2000-12","OG1","6.5"
"2000-12","H","4.75"
"2000-12","SRF","5.75"
"2000-12","EF","3.75"
"2000-12","L0","6"
"2000-12","L1","0.25"
"2001-01","LZ",
"2001-01","UG0","3"
"2001-01","OG0","4"
"2001-01","UG1","5.5"
"2001-01","OG1","5.5"
"2001-01","H","4.75"
"2001-01","SRF","5.75"
"2001-01","EF","3.75"
"2001-01","L0","6"
"2001-01","L1","0.25"
"2001-02","LZ",
"2001-02","UG0","3"
"2001-02","OG0","4"
"2001-02","UG1","5.5"
"2001-02","OG1","5.5"
"2001-02","H","4.75"
"2001-02","SRF","5.75"
"2001-02","EF","3.75"
"2001-02","L0","5.75"
"2001-02","L1","0.15"
"2001-03","LZ",
"2001-03","UG0","2.75"
"2001-03","OG0","3.75"
"2001-03","UG1","5"
"2001-03","OG1","5"
"2001-03","H","4.75"
"2001-03","SRF","5.75"
"2001-03","EF","3.75"
"2001-03","L0","5.75"
"2001-03","L1","0.15"
"2001-04","LZ",
"2001-04","UG0","2.75"
"2001-04","OG0","3.75"
"2001-04","UG1","4.5"
"2001-04","OG1","4.5"
"2001-04","H","4.75"
"2001-04","SRF","5.75"
"2001-04","EF","3.75"
"2001-04","L0","5.5"
"2001-04","L1",
"2001-05","LZ",
"2001-05","UG0","2.75"
"2001-05","OG0","3.75"
"2001-05","UG1","4"
"2001-05","OG1","4"
"2001-05","H","4.5"
"2001-05","SRF","5.5"
"2001-05","EF","3.5"
"2001-05","L0","5.25"
"2001-05","L1",
"2001-06","LZ",
"2001-06","UG0","2.75"
"2001-06","OG0","3.75"
"2001-06","UG1","3.75"
"2001-06","OG1","3.75"
"2001-06","H","4.5"
"2001-06","SRF","5.5"
"2001-06","EF","3.5"
"2001-06","L0","5.25"
"2001-06","L1",
"2001-07","LZ",
"2001-07","UG0","2.75"
"2001-07","OG0","3.75"
"2001-07","UG1","3.75"
"2001-07","OG1","3.75"
"2001-07","H","4.5"
"2001-07","SRF","5.5"
"2001-07","EF","3.5"
"2001-07","L0","5.25"
"2001-07","L1",
"2001-08","LZ",
"2001-08","UG0","2.75"
"2001-08","OG0","3.75"
"2001-08","UG1","3.5"
"2001-08","OG1","3.5"
"2001-08","H","4.25"
"2001-08","SRF","5.25"
"2001-08","EF","3.25"
"2001-08","L0","5"
"2001-08","L1",
"2001-09","LZ",
"2001-09","UG0","1.75"
"2001-09","OG0","2.75"
"2001-09","UG1","3"
"2001-09","OG1","3"
"2001-09","H","3.75"
"2001-09","SRF","4.75"
"2001-09","EF","2.75"
"2001-09","L0","4.75"
"2001-09","L1",
"2001-10","LZ",
"2001-10","UG0","1.75"
"2001-10","OG0","2.75"
"2001-10","UG1","2.5"
"2001-10","OG1","2.5"
"2001-10","H","3.75"
"2001-10","SRF","4.75"
"2001-10","EF","2.75"
"2001-10","L0","4.5"
"2001-10","L1",
"2001-11","LZ",
"2001-11","UG0","1.75"
"2001-11","OG0","2.75"
"2001-11","UG1","2"
"2001-11","OG1","2"
"2001-11","H","3.25"
"2001-11","SRF","4.25"
"2001-11","EF","2.25"
"2001-11","L0","4"
"2001-11","L1",
"2001-12","LZ",
"2001-12","UG0","1.25"
"2001-12","OG0","2.25"
"2001-12","UG1","1.75"
"2001-12","OG1","1.75"
"2001-12","H","3.25"
"2001-12","SRF","4.25"
"2001-12","EF","2.25"
"2001-12","L0","4"
"2001-12","L1",
"2002-01","LZ",
"2002-01","UG0","1.25"
"2002-01","OG0","2.25"
"2002-01","UG1","1.75"
"2002-01","OG1","1.75"
"2002-01","H","3.25"
"2002-01","SRF","4.25"
"2002-01","EF","2.25"
"2002-01","L0","4"
"2002-01","L1",
"2002-02","LZ",
"2002-02","UG0","1.25"
"2002-02","OG0","2.25"
"2002-02","UG1","1.75"
"2002-02","OG1","1.75"
"2002-02","H","3.25"
"2002-02","SRF","4.25"
"2002-02","EF","2.25"
"2002-02","L0","4"
"2002-02","L1",
"2002-03","LZ",
"2002-03","UG0","1.25"
"2002-03","OG0","2.25"
"2002-03","UG1","1.75"
"2002-03","OG1","1.75"
"2002-03","H","3.25"
"2002-03","SRF","4.25"
"2002-03","EF","2.25"
"2002-03","L0","4"
"2002-03","L1",
"2002-04","LZ",
"2002-04","UG0","1.25"
"2002-04","OG0","2.25"
"2002-04","UG1","1.75"
"2002-04","OG1","1.75"
"2002-04","H","3.25"
"2002-04","SRF","4.25"
"2002-04","EF","2.25"
"2002-04","L0","4"
"2002-04","L1",
"2002-05","LZ",
"2002-05","UG0","0.75"
"2002-05","OG0","1.75"
"2002-05","UG1","1.75"
"2002-05","OG1","1.75"
"2002-05","H","3.25"
"2002-05","SRF","4.25"
"2002-05","EF","2.25"
"2002-05","L0","4"
"2002-05","L1",
"2002-06","LZ",
"2002-06","UG0","0.75"
"2002-06","OG0","1.75"
"2002-06","UG1","1.75"
"2002-06","OG1","1.75"
"2002-06","H","3.25"
"2002-06","SRF","4.25"
"2002-06","EF","2.25"
"2002-06","L0","4"
"2002-06","L1",
"2002-07","LZ",
"2002-07","UG0","0.25"
"2002-07","OG0","1.25"
"2002-07","UG1","1.75"
"2002-07","OG1","1.75"
"2002-07","H","3.25"
"2002-07","SRF","4.25"
"2002-07","EF","2.25"
"2002-07","L0","4"
"2002-07","L1",
"2002-08","LZ",
"2002-08","UG0","0.25"
"2002-08","OG0","1.25"
"2002-08","UG1","1.75"
"2002-08","OG1","1.75"
"2002-08","H","3.25"
"2002-08","SRF","4.25"
"2002-08","EF","2.25"
"2002-08","L0","4"
"2002-08","L1",
"2002-09","LZ",
"2002-09","UG0","0.25"
"2002-09","OG0","1.25"
"2002-09","UG1","1.75"
"2002-09","OG1","1.75"
"2002-09","H","3.25"
"2002-09","SRF","4.25"
"2002-09","EF","2.25"
"2002-09","L0","4"
"2002-09","L1",
"2002-10","LZ",
"2002-10","UG0","0.25"
"2002-10","OG0","1.25"
"2002-10","UG1","1.75"
"2002-10","OG1","1.75"
"2002-10","H","3.25"
"2002-10","SRF","4.25"
"2002-10","EF","2.25"
"2002-10","L0","4"
"2002-10","L1",
"2002-11","LZ",
"2002-11","UG0","0.25"
"2002-11","OG0","1.25"
"2002-11","UG1","1.25"
"2002-11","OG1","1.25"
"2002-11","H","3.25"
"2002-11","SRF","4.25"
"2002-11","EF","2.25"
"2002-11","L0","4"
"2002-11","L1",
"2002-12","LZ",
"2002-12","UG0","0.25"
"2002-12","OG0","1.25"
"2002-12","UG1","1.25"
"2002-12","OG1","1.25"
"2002-12","H","2.75"
"2002-12","SRF","3.75"
"2002-12","EF","1.75"
"2002-12","L0","4"
"2002-12","L1",
"2003-01","LZ",
"2003-01","UG0","0.25"
"2003-01","OG0","1.25"
"2003-01","UG1","1.25"
"2003-01","OG1","1.25"
"2003-01","H","2.75"
"2003-01","SRF","3.75"
"2003-01","EF","1.75"
"2003-01","L0","4"
"2003-01","L1",
"2003-02","LZ",
"2003-02","UG0","0.25"
"2003-02","OG0","1.25"
"2003-02","UG1","1.25"
"2003-02","OG1","1.25"
"2003-02","H","2.75"
"2003-02","SRF","3.75"
"2003-02","EF","1.75"
"2003-02","L0","3.75"
"2003-02","L1",
"2003-03","LZ",
"2003-03","UG0","0"
"2003-03","OG0","0.75"
"2003-03","UG1","1.25"
"2003-03","OG1","1.25"
"2003-03","H","2.5"
"2003-03","SRF","3.5"
"2003-03","EF","1.5"
"2003-03","L0","3.75"
"2003-03","L1",
"2003-04","LZ",
"2003-04","UG0","0"
"2003-04","OG0","0.75"
"2003-04","UG1","1.25"
"2003-04","OG1","1.25"
"2003-04","H","2.5"
"2003-04","SRF","3.5"
"2003-04","EF","1.5"
"2003-04","L0","3.75"
"2003-04","L1",
"2003-05","LZ",
"2003-05","UG0","0"
"2003-05","OG0","0.75"
"2003-05","UG1","1.25"
"2003-05","OG1","1.25"
"2003-05","H","2.5"
"2003-05","SRF","3.5"
"2003-05","EF","1.5"
"2003-05","L0","3.75"
"2003-05","L1",
"2003-06","LZ",
"2003-06","UG0","0"
"2003-06","OG0","0.75"
"2003-06","UG1","1"
"2003-06","OG1","1"
"2003-06","H","2"
"2003-06","SRF","3"
"2003-06","EF","1"
"2003-06","L0","3.75"
"2003-06","L1",
"2003-07","LZ",
"2003-07","UG0","0"
"2003-07","OG0","0.75"
"2003-07","UG1","1"
"2003-07","OG1","1"
"2003-07","H","2"
"2003-07","SRF","3"
"2003-07","EF","1"
"2003-07","L0","3.5"
"2003-07","L1",
"2003-08","LZ",
"2003-08","UG0","0"
"2003-08","OG0","0.75"
"2003-08","UG1","1"
"2003-08","OG1","1"
"2003-08","H","2"
"2003-08","SRF","3"
"2003-08","EF","1"
"2003-08","L0","3.5"
"2003-08","L1",
"2003-09","LZ",
"2003-09","UG0","0"
"2003-09","OG0","0.75"
"2003-09","UG1","1"
"2003-09","OG1","1"
"2003-09","H","2"
"2003-09","SRF","3"
"2003-09","EF","1"
"2003-09","L0","3.5"
"2003-09","L1",
"2003-10","LZ",
"2003-10","UG0","0"
"2003-10","OG0","0.75"
"2003-10","UG1","1"
"2003-10","OG1","1"
"2003-10","H","2"
"2003-10","SRF","3"
"2003-10","EF","1"
"2003-10","L0","3.5"
"2003-10","L1",
"2003-11","LZ",
"2003-11","UG0","0"
"2003-11","OG0","0.75"
"2003-11","UG1","1"
"2003-11","OG1","1"
"2003-11","H","2"
"2003-11","SRF","3"
"2003-11","EF","1"
"2003-11","L0","3.75"
"2003-11","L1",
"2003-12","LZ",
"2003-12","UG0","0"
"2003-12","OG0","0.75"
"2003-12","UG1","1"
"2003-12","OG1","1"
"2003-12","H","2"
"2003-12","SRF","3"
"2003-12","EF","1"
"2003-12","L0","3.75"
"2003-12","L1",
"2004-01","LZ",
"2004-01","UG0","0"
"2004-01","OG0","0.75"
"2004-01","UG1","1"
"2004-01","OG1","1"
"2004-01","H","2"
"2004-01","SRF","3"
"2004-01","EF","1"
"2004-01","L0","3.75"
"2004-01","L1",
"2004-02","LZ",
"2004-02","UG0","0"
"2004-02","OG0","0.75"
"2004-02","UG1","1"
"2004-02","OG1","1"
"2004-02","H","2"
"2004-02","SRF","3"
"2004-02","EF","1"
"2004-02","L0","4"
"2004-02","L1",
"2004-03","LZ",
"2004-03","UG0","0"
"2004-03","OG0","0.75"
"2004-03","UG1","1"
"2004-03","OG1","1"
"2004-03","H","2"
"2004-03","SRF","3"
"2004-03","EF","1"
"2004-03","L0","4"
"2004-03","L1",
"2004-04","LZ",
"2004-04","UG0","0"
"2004-04","OG0","0.75"
"2004-04","UG1","1"
"2004-04","OG1","1"
"2004-04","H","2"
"2004-04","SRF","3"
"2004-04","EF","1"
"2004-04","L0","4"
"2004-04","L1",
"2004-05","LZ",
"2004-05","UG0","0"
"2004-05","OG0","0.75"
"2004-05","UG1","1"
"2004-05","OG1","1"
"2004-05","H","2"
"2004-05","SRF","3"
"2004-05","EF","1"
"2004-05","L0","4.25"
"2004-05","L1",
"2004-06","LZ",
"2004-06","UG0","0"
"2004-06","OG0","1"
"2004-06","UG1","1.25"
"2004-06","OG1","1.25"
"2004-06","H","2"
"2004-06","SRF","3"
"2004-06","EF","1"
"2004-06","L0","4.5"
"2004-06","L1",
"2004-07","LZ",
"2004-07","UG0","0"
"2004-07","OG0","1"
"2004-07","UG1","1.25"
"2004-07","OG1","1.25"
"2004-07","H","2"
"2004-07","SRF","3"
"2004-07","EF","1"
"2004-07","L0","4.5"
"2004-07","L1",
"2004-08","LZ",
"2004-08","UG0","0"
"2004-08","OG0","1"
"2004-08","UG1","1.5"
"2004-08","OG1","1.5"
"2004-08","H","2"
"2004-08","SRF","3"
"2004-08","EF","1"
"2004-08","L0","4.75"
"2004-08","L1",
"2004-09","LZ",
"2004-09","UG0","0.25"
"2004-09","OG0","1.25"
"2004-09","UG1","1.75"
"2004-09","OG1","1.75"
"2004-09","H","2"
"2004-09","SRF","3"
"2004-09","EF","1"
"2004-09","L0","4.75"
"2004-09","L1",
"2004-10","LZ",
"2004-10","UG0","0.25"
"2004-10","OG0","1.25"
"2004-10","UG1","1.75"
"2004-10","OG1","1.75"
"2004-10","H","2"
"2004-10","SRF","3"
"2004-10","EF","1"
"2004-10","L0","4.75"
"2004-10","L1",
"2004-11","LZ",
"2004-11","UG0","0.25"
"2004-11","OG0","1.25"
"2004-11","UG1","2"
"2004-11","OG1","2"
"2004-11","H","2"
"2004-11","SRF","3"
"2004-11","EF","1"
"2004-11","L0","4.75"
"2004-11","L1",
"2004-12","LZ",
"2004-12","UG0","0.25"
"2004-12","OG0","1.25"
"2004-12","UG1","2.25"
"2004-12","OG1","2.25"
"2004-12","H","2"
"2004-12","SRF","3"
"2004-12","EF","1"
"2004-12","L0","4.75"
"2004-12","L1",
"2005-01","LZ",
"2005-01","UG0","0.25"
"2005-01","OG0","1.25"
"2005-01","UG1","2.25"
"2005-01","OG1","2.25"
"2005-01","H","2"
"2005-01","SRF","3"
"2005-01","EF","1"
"2005-01","L0","4.75"
"2005-01","L1",
"2005-02","LZ",
"2005-02","UG0","0.25"
"2005-02","OG0","1.25"
"2005-02","UG1","2.5"
"2005-02","OG1","2.5"
"2005-02","H","2"
"2005-02","SRF","3"
"2005-02","EF","1"
"2005-02","L0","4.75"
"2005-02","L1",
"2005-03","LZ",
"2005-03","UG0","0.25"
"2005-03","OG0","1.25"
"2005-03","UG1","2.75"
"2005-03","OG1","2.75"
"2005-03","H","2"
"2005-03","SRF","3"
"2005-03","EF","1"
"2005-03","L0","4.75"
"2005-03","L1",
"2005-04","LZ",
"2005-04","UG0","0.25"
"2005-04","OG0","1.25"
"2005-04","UG1","2.75"
"2005-04","OG1","2.75"
"2005-04","H","2"
"2005-04","SRF","3"
"2005-04","EF","1"
"2005-04","L0","4.75"
"2005-04","L1",
"2005-05","LZ",
"2005-05","UG0","0.25"
"2005-05","OG0","1.25"
"2005-05","UG1","3"
"2005-05","OG1","3"
"2005-05","H","2"
"2005-05","SRF","3"
"2005-05","EF","1"
"2005-05","L0","4.75"
"2005-05","L1",
"2005-06","LZ",
"2005-06","UG0","0.25"
"2005-06","OG0","1.25"
"2005-06","UG1","3.25"
"2005-06","OG1","3.25"
"2005-06","H","2"
"2005-06","SRF","3"
"2005-06","EF","1"
"2005-06","L0","4.75"
"2005-06","L1",
"2005-07","LZ",
"2005-07","UG0","0.25"
"2005-07","OG0","1.25"
"2005-07","UG1","3.25"
"2005-07","OG1","3.25"
"2005-07","H","2"
"2005-07","SRF","3"
"2005-07","EF","1"
"2005-07","L0","4.75"
"2005-07","L1",
"2005-08","LZ",
"2005-08","UG0","0.25"
"2005-08","OG0","1.25"
"2005-08","UG1","3.5"
"2005-08","OG1","3.5"
"2005-08","H","2"
"2005-08","SRF","3"
"2005-08","EF","1"
"2005-08","L0","4.5"
"2005-08","L1",
"2005-09","LZ",
"2005-09","UG0","0.25"
"2005-09","OG0","1.25"
"2005-09","UG1","3.75"
"2005-09","OG1","3.75"
"2005-09","H","2"
"2005-09","SRF","3"
"2005-09","EF","1"
"2005-09","L0","4.5"
"2005-09","L1",
"2005-10","LZ",
"2005-10","UG0","0.25"
"2005-10","OG0","1.25"
"2005-10","UG1","3.75"
"2005-10","OG1","3.75"
"2005-10","H","2"
"2005-10","SRF","3"
"2005-10","EF","1"
"2005-10","L0","4.5"
"2005-10","L1",
"2005-11","LZ",
"2005-11","UG0","0.25"
"2005-11","OG0","1.25"
"2005-11","UG1","4"
"2005-11","OG1","4"
"2005-11","H","2"
"2005-11","SRF","3"
"2005-11","EF","1"
"2005-11","L0","4.5"
"2005-11","L1",
"2005-12","LZ",
"2005-12","UG0","0.5"
"2005-12","OG0","1.5"
"2005-12","UG1","4.25"
"2005-12","OG1","4.25"
"2005-12","H","2.25"
"2005-12","SRF","3.25"
"2005-12","EF","1.25"
"2005-12","L0","4.5"
"2005-12","L1",
"2006-01","LZ",
"2006-01","UG0","0.5"
"2006-01","OG0","1.5"
"2006-01","UG1","4.5"
"2006-01","OG1","4.5"
"2006-01","H","2.25"
"2006-01","SRF","3.25"
"2006-01","EF","1.25"
"2006-01","L0","4.5"
"2006-01","L1",
"2006-02","LZ",
"2006-02","UG0","0.5"
"2006-02","OG0","1.5"
"2006-02","UG1","4.5"
"2006-02","OG1","4.5"
"2006-02","H","2.25"
"2006-02","SRF","3.25"
"2006-02","EF","1.25"
"2006-02","L0","4.5"
"2006-02","L1",
"2006-03","LZ",
"2006-03","UG0","0.75"
"2006-03","OG0","1.75"
"2006-03","UG1","4.75"
"2006-03","OG1","4.75"
"2006-03","H","2.5"
"2006-03","SRF","3.5"
"2006-03","EF","1.5"
"2006-03","L0","4.5"
"2006-03","L1","0"
"2006-04","LZ",
"2006-04","UG0","0.75"
"2006-04","OG0","1.75"
"2006-04","UG1","4.75"
"2006-04","OG1","4.75"
"2006-04","H","2.5"
"2006-04","SRF","3.5"
"2006-04","EF","1.5"
"2006-04","L0","4.5"
"2006-04","L1","0"
"2006-05","LZ",
"2006-05","UG0","0.75"
"2006-05","OG0","1.75"
"2006-05","UG1","5"
"2006-05","OG1","5"
"2006-05","H","2.5"
"2006-05","SRF","3.5"
"2006-05","EF","1.5"
"2006-05","L0","4.5"
"2006-05","L1","0"
"2006-06","LZ",
"2006-06","UG0","1"
"2006-06","OG0","2"
"2006-06","UG1","5.25"
"2006-06","OG1","5.25"
"2006-06","H","2.75"
"2006-06","SRF","3.75"
"2006-06","EF","1.75"
"2006-06","L0","4.5"
"2006-06","L1","0"
"2006-07","LZ",
"2006-07","UG0","1"
"2006-07","OG0","2"
"2006-07","UG1","5.25"
"2006-07","OG1","5.25"
"2006-07","H","2.75"
"2006-07","SRF","3.75"
"2006-07","EF","1.75"
"2006-07","L0","4.5"
"2006-07","L1","0.25"
"2006-08","LZ",
"2006-08","UG0","1"
"2006-08","OG0","2"
"2006-08","UG1","5.25"
"2006-08","OG1","5.25"
"2006-08","H","3"
"2006-08","SRF","4"
"2006-08","EF","2"
"2006-08","L0","4.75"
"2006-08","L1","0.25"
"2006-09","LZ",
"2006-09","UG0","1.25"
"2006-09","OG0","2.25"
"2006-09","UG1","5.25"
"2006-09","OG1","5.25"
"2006-09","H","3"
"2006-09","SRF","4"
"2006-09","EF","2"
"2006-09","L0","4.75"
"2006-09","L1","0.25"
"2006-10","LZ",
"2006-10","UG0","1.25"
"2006-10","OG0","2.25"
"2006-10","UG1","5.25"
"2006-10","OG1","5.25"
"2006-10","H","3.25"
"2006-10","SRF","4.25"
"2006-10","EF","2.25"
"2006-10","L0","4.75"
"2006-10","L1","0.25"
"2006-11","LZ",
"2006-11","UG0","1.25"
"2006-11","OG0","2.25"
"2006-11","UG1","5.25"
"2006-11","OG1","5.25"
"2006-11","H","3.25"
"2006-11","SRF","4.25"
"2006-11","EF","2.25"
"2006-11","L0","5"
"2006-11","L1","0.25"
"2006-12","LZ",
"2006-12","UG0","1.5"
"2006-12","OG0","2.5"
"2006-12","UG1","5.25"
"2006-12","OG1","5.25"
"2006-12","H","3.5"
"2006-12","SRF","4.5"
"2006-12","EF","2.5"
"2006-12","L0","5"
"2006-12","L1","0.25"
"2007-01","LZ",
"2007-01","UG0","1.5"
"2007-01","OG0","2.5"
"2007-01","UG1","5.25"
"2007-01","OG1","5.25"
"2007-01","H","3.5"
"2007-01","SRF","4.5"
"2007-01","EF","2.5"
"2007-01","L0","5.25"
"2007-01","L1","0.25"
"2007-02","LZ",
"2007-02","UG0","1.5"
"2007-02","OG0","2.5"
"2007-02","UG1","5.25"
"2007-02","OG1","5.25"
"2007-02","H","3.5"
"2007-02","SRF","4.5"
"2007-02","EF","2.5"
"2007-02","L0","5.25"
"2007-02","L1","0.5"
"2007-03","LZ",
"2007-03","UG0","1.75"
"2007-03","OG0","2.75"
"2007-03","UG1","5.25"
"2007-03","OG1","5.25"
"2007-03","H","3.75"
"2007-03","SRF","4.75"
"2007-03","EF","2.75"
"2007-03","L0","5.25"
"2007-03","L1","0.5"
"2007-04","LZ",
"2007-04","UG0","1.75"
"2007-04","OG0","2.75"
"2007-04","UG1","5.25"
"2007-04","OG1","5.25"
"2007-04","H","3.75"
"2007-04","SRF","4.75"
"2007-04","EF","2.75"
"2007-04","L0","5.25"
"2007-04","L1","0.5"
"2007-05","LZ",
"2007-05","UG0","1.75"
"2007-05","OG0","2.75"
"2007-05","UG1","5.25"
"2007-05","OG1","5.25"
"2007-05","H","3.75"
"2007-05","SRF","4.75"
"2007-05","EF","2.75"
"2007-05","L0","5.5"
"2007-05","L1","0.5"
"2007-06","LZ",
"2007-06","UG0","2"
"2007-06","OG0","3"
"2007-06","UG1","5.25"
"2007-06","OG1","5.25"
"2007-06","H","4"
"2007-06","SRF","5"
"2007-06","EF","3"
"2007-06","L0","5.5"
"2007-06","L1","0.5"
"2007-07","LZ",
"2007-07","UG0","2"
"2007-07","OG0","3"
"2007-07","UG1","5.25"
"2007-07","OG1","5.25"
"2007-07","H","4"
"2007-07","SRF","5"
"2007-07","EF","3"
"2007-07","L0","5.75"
"2007-07","L1","0.5"
"2007-08","LZ",
"2007-08","UG0","2"
"2007-08","OG0","3"
"2007-08","UG1","5.25"
"2007-08","OG1","5.25"
"2007-08","H","4"
"2007-08","SRF","5"
"2007-08","EF","3"
"2007-08","L0","5.75"
"2007-08","L1","0.5"
"2007-09","LZ",
"2007-09","UG0","2.25"
"2007-09","OG0","3.25"
"2007-09","UG1","4.75"
"2007-09","OG1","4.75"
"2007-09","H","4"
"2007-09","SRF","5"
"2007-09","EF","3"
"2007-09","L0","5.75"
"2007-09","L1","0.5"
"2007-10","LZ",
"2007-10","UG0","2.25"
"2007-10","OG0","3.25"
"2007-10","UG1","4.5"
"2007-10","OG1","4.5"
"2007-10","H","4"
"2007-10","SRF","5"
"2007-10","EF","3"
"2007-10","L0","5.75"
"2007-10","L1","0.5"
"2007-11","LZ",
"2007-11","UG0","2.25"
"2007-11","OG0","3.25"
"2007-11","UG1","4.5"
"2007-11","OG1","4.5"
"2007-11","H","4"
"2007-11","SRF","5"
"2007-11","EF","3"
"2007-11","L0","5.75"
"2007-11","L1","0.5"
"2007-12","LZ",
"2007-12","UG0","2.25"
"2007-12","OG0","3.25"
"2007-12","UG1","4.25"
"2007-12","OG1","4.25"
"2007-12","H","4"
"2007-12","SRF","5"
"2007-12","EF","3"
"2007-12","L0","5.5"
"2007-12","L1","0.5"
"2008-01","LZ",
"2008-01","UG0","2.25"
"2008-01","OG0","3.25"
"2008-01","UG1","3"
"2008-01","OG1","3"
"2008-01","H","4"
"2008-01","SRF","5"
"2008-01","EF","3"
"2008-01","L0","5.5"
"2008-01","L1","0.5"
"2008-02","LZ",
"2008-02","UG0","2.25"
"2008-02","OG0","3.25"
"2008-02","UG1","3"
"2008-02","OG1","3"
"2008-02","H","4"
"2008-02","SRF","5"
"2008-02","EF","3"
"2008-02","L0","5.25"
"2008-02","L1","0.5"
"2008-03","LZ",
"2008-03","UG0","2.25"
"2008-03","OG0","3.25"
"2008-03","UG1","2.25"
"2008-03","OG1","2.25"
"2008-03","H","4"
"2008-03","SRF","5"
"2008-03","EF","3"
"2008-03","L0","5.25"
"2008-03","L1","0.5"
"2008-04","LZ",
"2008-04","UG0","2.25"
"2008-04","OG0","3.25"
"2008-04","UG1","2"
"2008-04","OG1","2"
"2008-04","H","4"
"2008-04","SRF","5"
"2008-04","EF","3"
"2008-04","L0","5"
"2008-04","L1","0.5"
"2008-05","LZ",
"2008-05","UG0","2.25"
"2008-05","OG0","3.25"
"2008-05","UG1","2"
"2008-05","OG1","2"
"2008-05","H","4"
"2008-05","SRF","5"
"2008-05","EF","3"
"2008-05","L0","5"
"2008-05","L1","0.5"
"2008-06","LZ",
"2008-06","UG0","2.25"
"2008-06","OG0","3.25"
"2008-06","UG1","2"
"2008-06","OG1","2"
"2008-06","H","4"
"2008-06","SRF","5"
"2008-06","EF","3"
"2008-06","L0","5"
"2008-06","L1","0.5"
"2008-07","LZ",
"2008-07","UG0","2.25"
"2008-07","OG0","3.25"
"2008-07","UG1","2"
"2008-07","OG1","2"
"2008-07","H","4.25"
"2008-07","SRF","5.25"
"2008-07","EF","3.25"
"2008-07","L0","5"
"2008-07","L1","0.5"
"2008-08","LZ",
"2008-08","UG0","2.25"
"2008-08","OG0","3.25"
"2008-08","UG1","2"
"2008-08","OG1","2"
"2008-08","H","4.25"
"2008-08","SRF","5.25"
"2008-08","EF","3.25"
"2008-08","L0","5"
"2008-08","L1","0.5"
"2008-09","LZ",
"2008-09","UG0","2.25"
"2008-09","OG0","3.25"
"2008-09","UG1","2"
"2008-09","OG1","2"
"2008-09","H","4.25"
"2008-09","SRF","5.25"
"2008-09","EF","3.25"
"2008-09","L0","5"
"2008-09","L1","0.5"
"2008-10","LZ",
"2008-10","UG0","2"
"2008-10","OG0","3"
"2008-10","UG1","1"
"2008-10","OG1","1"
"2008-10","H","3.75"
"2008-10","SRF","4.25"
"2008-10","EF","3.25"
"2008-10","L0","4.5"
"2008-10","L1","0.3"
"2008-11","LZ",
"2008-11","UG0","0.5"
"2008-11","OG0","1.5"
"2008-11","UG1","1"
"2008-11","OG1","1"
"2008-11","H","3.25"
"2008-11","SRF","3.75"
"2008-11","EF","2.75"
"2008-11","L0","3"
"2008-11","L1","0.3"
"2008-12","LZ",
"2008-12","UG0","0"
"2008-12","OG0","1"
"2008-12","UG1","0"
"2008-12","OG1","0.25"
"2008-12","H","2.5"
"2008-12","SRF","3"
"2008-12","EF","2"
"2008-12","L0","2"
"2008-12","L1","0.1"
"2009-01","LZ",
"2009-01","UG0","0"
"2009-01","OG0","1"
"2009-01","UG1","0"
"2009-01","OG1","0.25"
"2009-01","H","2"
"2009-01","SRF","3"
"2009-01","EF","1"
"2009-01","L0","1.5"
"2009-01","L1","0.1"
"2009-02","LZ",
"2009-02","UG0","0"
"2009-02","OG0","1"
"2009-02","UG1","0"
"2009-02","OG1","0.25"
"2009-02","H","2"
"2009-02","SRF","3"
"2009-02","EF","1"
"2009-02","L0","1"
"2009-02","L1","0.1"
"2009-03","LZ",
"2009-03","UG0","0"
"2009-03","OG0","0.75"
"2009-03","UG1","0"
"2009-03","OG1","0.25"
"2009-03","H","1.5"
"2009-03","SRF","2.5"
"2009-03","EF","0.5"
"2009-03","L0","0.5"
"2009-03","L1","0.1"
"2009-04","LZ",
"2009-04","UG0","0"
"2009-04","OG0","0.75"
"2009-04","UG1","0"
"2009-04","OG1","0.25"
"2009-04","H","1.25"
"2009-04","SRF","2.25"
"2009-04","EF","0.25"
"2009-04","L0","0.5"
"2009-04","L1","0.1"
"2009-05","LZ",
"2009-05","UG0","0"
"2009-05","OG0","0.75"
"2009-05","UG1","0"
"2009-05","OG1","0.25"
"2009-05","H","1"
"2009-05","SRF","1.75"
"2009-05","EF","0.25"
"2009-05","L0","0.5"
"2009-05","L1","0.1"
"2009-06","LZ",
"2009-06","UG0","0"
"2009-06","OG0","0.75"
"2009-06","UG1","0"
"2009-06","OG1","0.25"
"2009-06","H","1"
"2009-06","SRF","1.75"
"2009-06","EF","0.25"
"2009-06","L0","0.5"
"2009-06","L1","0.1"
"2009-07","LZ",
"2009-07","UG0","0"
"2009-07","OG0","0.75"
"2009-07","UG1","0"
"2009-07","OG1","0.25"
"2009-07","H","1"
"2009-07","SRF","1.75"
"2009-07","EF","0.25"
"2009-07","L0","0.5"
"2009-07","L1","0.1"
"2009-08","LZ",
"2009-08","UG0","0"
"2009-08","OG0","0.75"
"2009-08","UG1","0"
"2009-08","OG1","0.25"
"2009-08","H","1"
"2009-08","SRF","1.75"
"2009-08","EF","0.25"
"2009-08","L0","0.5"
"2009-08","L1","0.1"
"2009-09","LZ",
"2009-09","UG0","0"
"2009-09","OG0","0.75"
"2009-09","UG1","0"
"2009-09","OG1","0.25"
"2009-09","H","1"
"2009-09","SRF","1.75"
"2009-09","EF","0.25"
"2009-09","L0","0.5"
"2009-09","L1","0.1"
"2009-10","LZ",
"2009-10","UG0","0"
"2009-10","OG0","0.75"
"2009-10","UG1","0"
"2009-10","OG1","0.25"
"2009-10","H","1"
"2009-10","SRF","1.75"
"2009-10","EF","0.25"
"2009-10","L0","0.5"
"2009-10","L1","0.1"
"2009-11","LZ",
"2009-11","UG0","0"
"2009-11","OG0","0.75"
"2009-11","UG1","0"
"2009-11","OG1","0.25"
"2009-11","H","1"
"2009-11","SRF","1.75"
"2009-11","EF","0.25"
"2009-11","L0","0.5"
"2009-11","L1","0.1"
"2009-12","LZ",
"2009-12","UG0","0"
"2009-12","OG0","0.75"
"2009-12","UG1","0"
"2009-12","OG1","0.25"
"2009-12","H","1"
"2009-12","SRF","1.75"
"2009-12","EF","0.25"
"2009-12","L0","0.5"
"2009-12","L1","0.1"
"2010-01","LZ",
"2010-01","UG0","0"
"2010-01","OG0","0.75"
"2010-01","UG1","0"
"2010-01","OG1","0.25"
"2010-01","H","1"
"2010-01","SRF","1.75"
"2010-01","EF","0.25"
"2010-01","L0","0.5"
"2010-01","L1","0.1"
"2010-02","LZ",
"2010-02","UG0","0"
"2010-02","OG0","0.75"
"2010-02","UG1","0"
"2010-02","OG1","0.25"
"2010-02","H","1"
"2010-02","SRF","1.75"
"2010-02","EF","0.25"
"2010-02","L0","0.5"
"2010-02","L1","0.1"
"2010-03","LZ",
"2010-03","UG0","0"
"2010-03","OG0","0.75"
"2010-03","UG1","0"
"2010-03","OG1","0.25"
"2010-03","H","1"
"2010-03","SRF","1.75"
"2010-03","EF","0.25"
"2010-03","L0","0.5"
"2010-03","L1","0.1"
"2010-04","LZ",
"2010-04","UG0","0"
"2010-04","OG0","0.75"
"2010-04","UG1","0"
"2010-04","OG1","0.25"
"2010-04","H","1"
"2010-04","SRF","1.75"
"2010-04","EF","0.25"
"2010-04","L0","0.5"
"2010-04","L1","0.1"
"2010-05","LZ",
"2010-05","UG0","0"
"2010-05","OG0","0.75"
"2010-05","UG1","0"
"2010-05","OG1","0.25"
"2010-05","H","1"
"2010-05","SRF","1.75"
"2010-05","EF","0.25"
"2010-05","L0","0.5"
"2010-05","L1","0.1"
"2010-06","LZ",
"2010-06","UG0","0"
"2010-06","OG0","0.75"
"2010-06","UG1","0"
"2010-06","OG1","0.25"
"2010-06","H","1"
"2010-06","SRF","1.75"
"2010-06","EF","0.25"
"2010-06","L0","0.5"
"2010-06","L1","0.1"
"2010-07","LZ",
"2010-07","UG0","0"
"2010-07","OG0","0.75"
"2010-07","UG1","0"
"2010-07","OG1","0.25"
"2010-07","H","1"
"2010-07","SRF","1.75"
"2010-07","EF","0.25"
"2010-07","L0","0.5"
"2010-07","L1","0.1"
"2010-08","LZ",
"2010-08","UG0","0"
"2010-08","OG0","0.75"
"2010-08","UG1","0"
"2010-08","OG1","0.25"
"2010-08","H","1"
"2010-08","SRF","1.75"
"2010-08","EF","0.25"
"2010-08","L0","0.5"
"2010-08","L1","0.1"
"2010-09","LZ",
"2010-09","UG0","0"
"2010-09","OG0","0.75"
"2010-09","UG1","0"
"2010-09","OG1","0.25"
"2010-09","H","1"
"2010-09","SRF","1.75"
"2010-09","EF","0.25"
"2010-09","L0","0.5"
"2010-09","L1","0.1"
"2010-10","LZ",
"2010-10","UG0","0"
"2010-10","OG0","0.75"
"2010-10","UG1","0"
"2010-10","OG1","0.25"
"2010-10","H","1"
"2010-10","SRF","1.75"
"2010-10","EF","0.25"
"2010-10","L0","0.5"
"2010-10","L1","0.1"
"2010-11","LZ",
"2010-11","UG0","0"
"2010-11","OG0","0.75"
"2010-11","UG1","0"
"2010-11","OG1","0.25"
"2010-11","H","1"
"2010-11","SRF","1.75"
"2010-11","EF","0.25"
"2010-11","L0","0.5"
"2010-11","L1","0.1"
"2010-12","LZ",
"2010-12","UG0","0"
"2010-12","OG0","0.75"
"2010-12","UG1","0"
"2010-12","OG1","0.25"
"2010-12","H","1"
"2010-12","SRF","1.75"
"2010-12","EF","0.25"
"2010-12","L0","0.5"
"2010-12","L1","0.1"
"2011-01","LZ",
"2011-01","UG0","0"
"2011-01","OG0","0.75"
"2011-01","UG1","0"
"2011-01","OG1","0.25"
"2011-01","H","1"
"2011-01","SRF","1.75"
"2011-01","EF","0.25"
"2011-01","L0","0.5"
"2011-01","L1","0.1"
"2011-02","LZ",
"2011-02","UG0","0"
"2011-02","OG0","0.75"
"2011-02","UG1","0"
"2011-02","OG1","0.25"
"2011-02","H","1"
"2011-02","SRF","1.75"
"2011-02","EF","0.25"
"2011-02","L0","0.5"
"2011-02","L1","0.1"
"2011-03","LZ",
"2011-03","UG0","0"
"2011-03","OG0","0.75"
"2011-03","UG1","0"
"2011-03","OG1","0.25"
"2011-03","H","1"
"2011-03","SRF","1.75"
"2011-03","EF","0.25"
"2011-03","L0","0.5"
"2011-03","L1","0.1"
"2011-04","LZ",
"2011-04","UG0","0"
"2011-04","OG0","0.75"
"2011-04","UG1","0"
"2011-04","OG1","0.25"
"2011-04","H","1.25"
"2011-04","SRF","2"
"2011-04","EF","0.5"
"2011-04","L0","0.5"
"2011-04","L1","0.1"
"2011-05","LZ",
"2011-05","UG0","0"
"2011-05","OG0","0.75"
"2011-05","UG1","0"
"2011-05","OG1","0.25"
"2011-05","H","1.25"
"2011-05","SRF","2"
"2011-05","EF","0.5"
"2011-05","L0","0.5"
"2011-05","L1","0.1"
"2011-06","LZ",
"2011-06","UG0","0"
"2011-06","OG0","0.75"
"2011-06","UG1","0"
"2011-06","OG1","0.25"
"2011-06","H","1.25"
"2011-06","SRF","2"
"2011-06","EF","0.5"
"2011-06","L0","0.5"
"2011-06","L1","0.1"
"2011-07","LZ",
"2011-07","UG0","0"
"2011-07","OG0","0.75"
"2011-07","UG1","0"
"2011-07","OG1","0.25"
"2011-07","H","1.5"
"2011-07","SRF","2.25"
"2011-07","EF","0.75"
"2011-07","L0","0.5"
"2011-07","L1","0.1"
"2011-08","LZ",
"2011-08","UG0","0"
"2011-08","OG0","0.25"
"2011-08","UG1","0"
"2011-08","OG1","0.25"
"2011-08","H","1.5"
"2011-08","SRF","2.25"
"2011-08","EF","0.75"
"2011-08","L0","0.5"
"2011-08","L1","0.1"
"2011-09","LZ",
"2011-09","UG0","0"
"2011-09","OG0","0.25"
"2011-09","UG1","0"
"2011-09","OG1","0.25"
"2011-09","H","1.5"
"2011-09","SRF","2.25"
"2011-09","EF","0.75"
"2011-09","L0","0.5"
"2011-09","L1","0.1"
"2011-10","LZ",
"2011-10","UG0","0"
"2011-10","OG0","0.25"
"2011-10","UG1","0"
"2011-10","OG1","0.25"
"2011-10","H","1.5"
"2011-10","SRF","2.25"
"2011-10","EF","0.75"
"2011-10","L0","0.5"
"2011-10","L1","0.1"
"2011-11","LZ",
"2011-11","UG0","0"
"2011-11","OG0","0.25"
"2011-11","UG1","0"
"2011-11","OG1","0.25"
"2011-11","H","1.25"
"2011-11","SRF","2"
"2011-11","EF","0.5"
"2011-11","L0","0.5"
"2011-11","L1","0.1"
"2011-12","LZ",
"2011-12","UG0","0"
"2011-12","OG0","0.25"
"2011-12","UG1","0"
"2011-12","OG1","0.25"
"2011-12","H","1"
"2011-12","SRF","1.75"
"2011-12","EF","0.25"
"2011-12","L0","0.5"
"2011-12","L1","0.1"
"2012-01","LZ",
"2012-01","UG0","0"
"2012-01","OG0","0.25"
"2012-01","UG1","0"
"2012-01","OG1","0.25"
"2012-01","H","1"
"2012-01","SRF","1.75"
"2012-01","EF","0.25"
"2012-01","L0","0.5"
"2012-01","L1","0.1"
"2012-02","LZ",
"2012-02","UG0","0"
"2012-02","OG0","0.25"
"2012-02","UG1","0"
"2012-02","OG1","0.25"
"2012-02","H","1"
"2012-02","SRF","1.75"
"2012-02","EF","0.25"
"2012-02","L0","0.5"
"2012-02","L1","0.1"
"2012-03","LZ",
"2012-03","UG0","0"
"2012-03","OG0","0.25"
"2012-03","UG1","0"
"2012-03","OG1","0.25"
"2012-03","H","1"
"2012-03","SRF","1.75"
"2012-03","EF","0.25"
"2012-03","L0","0.5"
"2012-03","L1","0.1"
"2012-04","LZ",
"2012-04","UG0","0"
"2012-04","OG0","0.25"
"2012-04","UG1","0"
"2012-04","OG1","0.25"
"2012-04","H","1"
"2012-04","SRF","1.75"
"2012-04","EF","0.25"
"2012-04","L0","0.5"
"2012-04","L1","0.1"
"2012-05","LZ",
"2012-05","UG0","0"
"2012-05","OG0","0.25"
"2012-05","UG1","0"
"2012-05","OG1","0.25"
"2012-05","H","1"
"2012-05","SRF","1.75"
"2012-05","EF","0.25"
"2012-05","L0","0.5"
"2012-05","L1","0.1"
"2012-06","LZ",
"2012-06","UG0","0"
"2012-06","OG0","0.25"
"2012-06","UG1","0"
"2012-06","OG1","0.25"
"2012-06","H","1"
"2012-06","SRF","1.75"
"2012-06","EF","0.25"
"2012-06","L0","0.5"
"2012-06","L1","0.1"
"2012-07","LZ",
"2012-07","UG0","0"
"2012-07","OG0","0.25"
"2012-07","UG1","0"
"2012-07","OG1","0.25"
"2012-07","H","0.75"
"2012-07","SRF","1.5"
"2012-07","EF","0"
"2012-07","L0","0.5"
"2012-07","L1","0.1"
"2012-08","LZ",
"2012-08","UG0","0"
"2012-08","OG0","0.25"
"2012-08","UG1","0"
"2012-08","OG1","0.25"
"2012-08","H","0.75"
"2012-08","SRF","1.5"
"2012-08","EF","0"
"2012-08","L0","0.5"
"2012-08","L1","0.1"
"2012-09","LZ",
"2012-09","UG0","0"
"2012-09","OG0","0.25"
"2012-09","UG1","0"
"2012-09","OG1","0.25"
"2012-09","H","0.75"
"2012-09","SRF","1.5"
"2012-09","EF","0"
"2012-09","L0","0.5"
"2012-09","L1","0.1"
"2012-10","LZ",
"2012-10","UG0","0"
"2012-10","OG0","0.25"
"2012-10","UG1","0"
"2012-10","OG1","0.25"
"2012-10","H","0.75"
"2012-10","SRF","1.5"
"2012-10","EF","0"
"2012-10","L0","0.5"
"2012-10","L1","0.1"
"2012-11","LZ",
"2012-11","UG0","0"
"2012-11","OG0","0.25"
"2012-11","UG1","0"
"2012-11","OG1","0.25"
"2012-11","H","0.75"
"2012-11","SRF","1.5"
"2012-11","EF","0"
"2012-11","L0","0.5"
"2012-11","L1","0.1"
"2012-12","LZ",
"2012-12","UG0","0"
"2012-12","OG0","0.25"
"2012-12","UG1","0"
"2012-12","OG1","0.25"
"2012-12","H","0.75"
"2012-12","SRF","1.5"
"2012-12","EF","0"
"2012-12","L0","0.5"
"2012-12","L1","0.1"
"2013-01","LZ",
"2013-01","UG0","0"
"2013-01","OG0","0.25"
"2013-01","UG1","0"
"2013-01","OG1","0.25"
"2013-01","H","0.75"
"2013-01","SRF","1.5"
"2013-01","EF","0"
"2013-01","L0","0.5"
"2013-01","L1","0.1"
"2013-02","LZ",
"2013-02","UG0","0"
"2013-02","OG0","0.25"
"2013-02","UG1","0"
"2013-02","OG1","0.25"
"2013-02","H","0.75"
"2013-02","SRF","1.5"
"2013-02","EF","0"
"2013-02","L0","0.5"
"2013-02","L1","0.1"
"2013-03","LZ",
"2013-03","UG0","0"
"2013-03","OG0","0.25"
"2013-03","UG1","0"
"2013-03","OG1","0.25"
"2013-03","H","0.75"
"2013-03","SRF","1.5"
"2013-03","EF","0"
"2013-03","L0","0.5"
"2013-03","L1","0.1"
"2013-04","LZ",
"2013-04","UG0","0"
"2013-04","OG0","0.25"
"2013-04","UG1","0"
"2013-04","OG1","0.25"
"2013-04","H","0.75"
"2013-04","SRF","1.5"
"2013-04","EF","0"
"2013-04","L0","0.5"
"2013-04","L1","0.1"
"2013-05","LZ",
"2013-05","UG0","0"
"2013-05","OG0","0.25"
"2013-05","UG1","0"
"2013-05","OG1","0.25"
"2013-05","H","0.5"
"2013-05","SRF","1"
"2013-05","EF","0"
"2013-05","L0","0.5"
"2013-05","L1","0.1"
"2013-06","LZ",
"2013-06","UG0","0"
"2013-06","OG0","0.25"
"2013-06","UG1","0"
"2013-06","OG1","0.25"
"2013-06","H","0.5"
"2013-06","SRF","1"
"2013-06","EF","0"
"2013-06","L0","0.5"
"2013-06","L1","0.1"
"2013-07","LZ",
"2013-07","UG0","0"
"2013-07","OG0","0.25"
"2013-07","UG1","0"
"2013-07","OG1","0.25"
"2013-07","H","0.5"
"2013-07","SRF","1"
"2013-07","EF","0"
"2013-07","L0","0.5"
"2013-07","L1","0.1"
"2013-08","LZ",
"2013-08","UG0","0"
"2013-08","OG0","0.25"
"2013-08","UG1","0"
"2013-08","OG1","0.25"
"2013-08","H","0.5"
"2013-08","SRF","1"
"2013-08","EF","0"
"2013-08","L0","0.5"
"2013-08","L1","0.1"
"2013-09","LZ",
"2013-09","UG0","0"
"2013-09","OG0","0.25"
"2013-09","UG1","0"
"2013-09","OG1","0.25"
"2013-09","H","0.5"
"2013-09","SRF","1"
"2013-09","EF","0"
"2013-09","L0","0.5"
"2013-09","L1","0.1"
"2013-10","LZ",
"2013-10","UG0","0"
"2013-10","OG0","0.25"
"2013-10","UG1","0"
"2013-10","OG1","0.25"
"2013-10","H","0.5"
"2013-10","SRF","1"
"2013-10","EF","0"
"2013-10","L0","0.5"
"2013-10","L1","0.1"
"2013-11","LZ",
"2013-11","UG0","0"
"2013-11","OG0","0.25"
"2013-11","UG1","0"
"2013-11","OG1","0.25"
"2013-11","H","0.25"
"2013-11","SRF","0.75"
"2013-11","EF","0"
"2013-11","L0","0.5"
"2013-11","L1","0.1"
"2013-12","LZ",
"2013-12","UG0","0"
"2013-12","OG0","0.25"
"2013-12","UG1","0"
"2013-12","OG1","0.25"
"2013-12","H","0.25"
"2013-12","SRF","0.75"
"2013-12","EF","0"
"2013-12","L0","0.5"
"2013-12","L1","0.1"
"2014-01","LZ",
"2014-01","UG0","0"
"2014-01","OG0","0.25"
"2014-01","UG1","0"
"2014-01","OG1","0.25"
"2014-01","H","0.25"
"2014-01","SRF","0.75"
"2014-01","EF","0"
"2014-01","L0","0.5"
"2014-01","L1","0.1"
"2014-02","LZ",
"2014-02","UG0","0"
"2014-02","OG0","0.25"
"2014-02","UG1","0"
"2014-02","OG1","0.25"
"2014-02","H","0.25"
"2014-02","SRF","0.75"
"2014-02","EF","0"
"2014-02","L0","0.5"
"2014-02","L1","0.1"
"2014-03","LZ",
"2014-03","UG0","0"
"2014-03","OG0","0.25"
"2014-03","UG1","0"
"2014-03","OG1","0.25"
"2014-03","H","0.25"
"2014-03","SRF","0.75"
"2014-03","EF","0"
"2014-03","L0","0.5"
"2014-03","L1","0.1"
"2014-04","LZ",
"2014-04","UG0","0"
"2014-04","OG0","0.25"
"2014-04","UG1","0"
"2014-04","OG1","0.25"
"2014-04","H","0.25"
"2014-04","SRF","0.75"
"2014-04","EF","0"
"2014-04","L0","0.5"
"2014-04","L1","0.1"
"2014-05","LZ",
"2014-05","UG0","0"
"2014-05","OG0","0.25"
"2014-05","UG1","0"
"2014-05","OG1","0.25"
"2014-05","H","0.25"
"2014-05","SRF","0.75"
"2014-05","EF","0"
"2014-05","L0","0.5"
"2014-05","L1","0.1"
"2014-06","LZ",
"2014-06","UG0","0"
"2014-06","OG0","0.25"
"2014-06","UG1","0"
"2014-06","OG1","0.25"
"2014-06","H","0.15"
"2014-06","SRF","0.4"
"2014-06","EF","-0.1"
"2014-06","L0","0.5"
"2014-06","L1","0.1"
"2014-07","LZ",
"2014-07","UG0","0"
"2014-07","OG0","0.25"
"2014-07","UG1","0"
"2014-07","OG1","0.25"
"2014-07","H","0.15"
"2014-07","SRF","0.4"
"2014-07","EF","-0.1"
"2014-07","L0","0.5"
"2014-07","L1","0.1"
"2014-08","LZ",
"2014-08","UG0","0"
"2014-08","OG0","0.25"
"2014-08","UG1","0"
"2014-08","OG1","0.25"
"2014-08","H","0.15"
"2014-08","SRF","0.4"
"2014-08","EF","-0.1"
"2014-08","L0","0.5"
"2014-08","L1","0.1"
"2014-09","LZ",
"2014-09","UG0","0"
"2014-09","OG0","0.25"
"2014-09","UG1","0"
"2014-09","OG1","0.25"
"2014-09","H","0.05"
"2014-09","SRF","0.3"
"2014-09","EF","-0.2"
"2014-09","L0","0.5"
"2014-09","L1","0.1"
"2014-10","LZ",
"2014-10","UG0","0"
"2014-10","OG0","0.25"
"2014-10","UG1","0"
"2014-10","OG1","0.25"
"2014-10","H","0.05"
"2014-10","SRF","0.3"
"2014-10","EF","-0.2"
"2014-10","L0","0.5"
"2014-10","L1","0.1"
"2014-11","LZ",
"2014-11","UG0","0"
"2014-11","OG0","0.25"
"2014-11","UG1","0"
"2014-11","OG1","0.25"
"2014-11","H","0.05"
"2014-11","SRF","0.3"
"2014-11","EF","-0.2"
"2014-11","L0","0.5"
"2014-11","L1","0.1"
"2014-12","LZ",
"2014-12","UG0","-0.75"
"2014-12","OG0","0.25"
"2014-12","UG1","0"
"2014-12","OG1","0.25"
"2014-12","H","0.05"
"2014-12","SRF","0.3"
"2014-12","EF","-0.2"
"2014-12","L0","0.5"
"2014-12","L1","0.1"
"2015-01","LZ",
"2015-01","UG0","-1.25"
"2015-01","OG0","-0.25"
"2015-01","UG1","0"
"2015-01","OG1","0.25"
"2015-01","H","0.05"
"2015-01","SRF","0.3"
"2015-01","EF","-0.2"
"2015-01","L0","0.5"
"2015-01","L1","0.1"
"2015-02","LZ",
"2015-02","UG0","-1.25"
"2015-02","OG0","-0.25"
"2015-02","UG1","0"
"2015-02","OG1","0.25"
"2015-02","H","0.05"
"2015-02","SRF","0.3"
"2015-02","EF","-0.2"
"2015-02","L0","0.5"
"2015-02","L1","0.1"
"2015-03","LZ",
"2015-03","UG0","-1.25"
"2015-03","OG0","-0.25"
"2015-03","UG1","0"
"2015-03","OG1","0.25"
"2015-03","H","0.05"
"2015-03","SRF","0.3"
"2015-03","EF","-0.2"
"2015-03","L0","0.5"
"2015-03","L1","0.1"
"2015-04","LZ",
"2015-04","UG0","-1.25"
"2015-04","OG0","-0.25"
"2015-04","UG1","0"
"2015-04","OG1","0.25"
"2015-04","H","0.05"
"2015-04","SRF","0.3"
"2015-04","EF","-0.2"
"2015-04","L0","0.5"
"2015-04","L1","0.1"
"2015-05","LZ",
"2015-05","UG0","-1.25"
"2015-05","OG0","-0.25"
"2015-05","UG1","0"
"2015-05","OG1","0.25"
"2015-05","H","0.05"
"2015-05","SRF","0.3"
"2015-05","EF","-0.2"
"2015-05","L0","0.5"
"2015-05","L1","0.1"
"2015-06","LZ",
"2015-06","UG0","-1.25"
"2015-06","OG0","-0.25"
"2015-06","UG1","0"
"2015-06","OG1","0.25"
"2015-06","H","0.05"
"2015-06","SRF","0.3"
"2015-06","EF","-0.2"
"2015-06","L0","0.5"
"2015-06","L1","0.1"
"2015-07","LZ",
"2015-07","UG0","-1.25"
"2015-07","OG0","-0.25"
"2015-07","UG1","0"
"2015-07","OG1","0.25"
"2015-07","H","0.05"
"2015-07","SRF","0.3"
"2015-07","EF","-0.2"
"2015-07","L0","0.5"
"2015-07","L1","0.1"
"2015-08","LZ",
"2015-08","UG0","-1.25"
"2015-08","OG0","-0.25"
"2015-08","UG1","0"
"2015-08","OG1","0.25"
"2015-08","H","0.05"
"2015-08","SRF","0.3"
"2015-08","EF","-0.2"
"2015-08","L0","0.5"
"2015-08","L1","0.1"
"2015-09","LZ",
"2015-09","UG0","-1.25"
"2015-09","OG0","-0.25"
"2015-09","UG1","0"
"2015-09","OG1","0.25"
"2015-09","H","0.05"
"2015-09","SRF","0.3"
"2015-09","EF","-0.2"
"2015-09","L0","0.5"
"2015-09","L1","0.1"
"2015-10","LZ",
"2015-10","UG0","-1.25"
"2015-10","OG0","-0.25"
"2015-10","UG1","0"
"2015-10","OG1","0.25"
"2015-10","H","0.05"
"2015-10","SRF","0.3"
"2015-10","EF","-0.2"
"2015-10","L0","0.5"
"2015-10","L1","0.1"
"2015-11","LZ",
"2015-11","UG0","-1.25"
"2015-11","OG0","-0.25"
"2015-11","UG1","0"
"2015-11","OG1","0.25"
"2015-11","H","0.05"
"2015-11","SRF","0.3"
"2015-11","EF","-0.2"
"2015-11","L0","0.5"
"2015-11","L1","0.1"
"2015-12","LZ",
"2015-12","UG0","-1.25"
"2015-12","OG0","-0.25"
"2015-12","UG1","0.25"
"2015-12","OG1","0.5"
"2015-12","H","0.05"
"2015-12","SRF","0.3"
"2015-12","EF","-0.3"
"2015-12","L0","0.5"
"2015-12","L1","0.1"
"2016-01","LZ",
"2016-01","UG0","-1.25"
"2016-01","OG0","-0.25"
"2016-01","UG1","0.25"
"2016-01","OG1","0.5"
"2016-01","H","0.05"
"2016-01","SRF","0.3"
"2016-01","EF","-0.3"
"2016-01","L0","0.5"
"2016-01","L1","-0.1"
"2016-02","LZ",
"2016-02","UG0","-1.25"
"2016-02","OG0","-0.25"
"2016-02","UG1","0.25"
"2016-02","OG1","0.5"
"2016-02","H","0.05"
"2016-02","SRF","0.3"
"2016-02","EF","-0.3"
"2016-02","L0","0.5"
"2016-02","L1","-0.1"
"2016-03","LZ",
"2016-03","UG0","-1.25"
"2016-03","OG0","-0.25"
"2016-03","UG1","0.25"
"2016-03","OG1","0.5"
"2016-03","H","0"
"2016-03","SRF","0.25"
"2016-03","EF","-0.4"
"2016-03","L0","0.5"
"2016-03","L1","-0.1"
"2016-04","LZ",
"2016-04","UG0","-1.25"
"2016-04","OG0","-0.25"
"2016-04","UG1","0.25"
"2016-04","OG1","0.5"
"2016-04","H","0"
"2016-04","SRF","0.25"
"2016-04","EF","-0.4"
"2016-04","L0","0.5"
"2016-04","L1","-0.1"
"2016-05","LZ",
"2016-05","UG0","-1.25"
"2016-05","OG0","-0.25"
"2016-05","UG1","0.25"
"2016-05","OG1","0.5"
"2016-05","H","0"
"2016-05","SRF","0.25"
"2016-05","EF","-0.4"
"2016-05","L0","0.5"
"2016-05","L1","-0.1"
"2016-06","LZ",
"2016-06","UG0","-1.25"
"2016-06","OG0","-0.25"
"2016-06","UG1","0.25"
"2016-06","OG1","0.5"
"2016-06","H","0"
"2016-06","SRF","0.25"
"2016-06","EF","-0.4"
"2016-06","L0","0.5"
"2016-06","L1","-0.1"
"2016-07","LZ",
"2016-07","UG0","-1.25"
"2016-07","OG0","-0.25"
"2016-07","UG1","0.25"
"2016-07","OG1","0.5"
"2016-07","H","0"
"2016-07","SRF","0.25"
"2016-07","EF","-0.4"
"2016-07","L0","0.5"
"2016-07","L1","-0.1"
"2016-08","LZ",
"2016-08","UG0","-1.25"
"2016-08","OG0","-0.25"
"2016-08","UG1","0.25"
"2016-08","OG1","0.5"
"2016-08","H","0"
"2016-08","SRF","0.25"
"2016-08","EF","-0.4"
"2016-08","L0","0.25"
"2016-08","L1","-0.1"
"2016-09","LZ",
"2016-09","UG0","-1.25"
"2016-09","OG0","-0.25"
"2016-09","UG1","0.25"
"2016-09","OG1","0.5"
"2016-09","H","0"
"2016-09","SRF","0.25"
"2016-09","EF","-0.4"
"2016-09","L0","0.25"
"2016-09","L1","-0.1"
"2016-10","LZ",
"2016-10","UG0","-1.25"
"2016-10","OG0","-0.25"
"2016-10","UG1","0.25"
"2016-10","OG1","0.5"
"2016-10","H","0"
"2016-10","SRF","0.25"
"2016-10","EF","-0.4"
"2016-10","L0","0.25"
"2016-10","L1","-0.1"
"2016-11","LZ",
"2016-11","UG0","-1.25"
"2016-11","OG0","-0.25"
"2016-11","UG1","0.25"
"2016-11","OG1","0.5"
"2016-11","H","0"
"2016-11","SRF","0.25"
"2016-11","EF","-0.4"
"2016-11","L0","0.25"
"2016-11","L1","-0.1"
"2016-12","LZ",
"2016-12","UG0","-1.25"
"2016-12","OG0","-0.25"
"2016-12","UG1","0.5"
"2016-12","OG1","0.75"
"2016-12","H","0"
"2016-12","SRF","0.25"
"2016-12","EF","-0.4"
"2016-12","L0","0.25"
"2016-12","L1","-0.1"
"2017-01","LZ",
"2017-01","UG0","-1.25"
"2017-01","OG0","-0.25"
"2017-01","UG1","0.5"
"2017-01","OG1","0.75"
"2017-01","H","0"
"2017-01","SRF","0.25"
"2017-01","EF","-0.4"
"2017-01","L0","0.25"
"2017-01","L1","-0.1"
"2017-02","LZ",
"2017-02","UG0","-1.25"
"2017-02","OG0","-0.25"
"2017-02","UG1","0.5"
"2017-02","OG1","0.75"
"2017-02","H","0"
"2017-02","SRF","0.25"
"2017-02","EF","-0.4"
"2017-02","L0","0.25"
"2017-02","L1","-0.1"
"2017-03","LZ",
"2017-03","UG0","-1.25"
"2017-03","OG0","-0.25"
"2017-03","UG1","0.75"
"2017-03","OG1","1"
"2017-03","H","0"
"2017-03","SRF","0.25"
"2017-03","EF","-0.4"
"2017-03","L0","0.25"
"2017-03","L1","-0.1"
"2017-04","LZ",
"2017-04","UG0","-1.25"
"2017-04","OG0","-0.25"
"2017-04","UG1","0.75"
"2017-04","OG1","1"
"2017-04","H","0"
"2017-04","SRF","0.25"
"2017-04","EF","-0.4"
"2017-04","L0","0.25"
"2017-04","L1","-0.1"
"2017-05","LZ",
"2017-05","UG0","-1.25"
"2017-05","OG0","-0.25"
"2017-05","UG1","0.75"
"2017-05","OG1","1"
"2017-05","H","0"
"2017-05","SRF","0.25"
"2017-05","EF","-0.4"
"2017-05","L0","0.25"
"2017-05","L1","-0.1"
"2017-06","LZ",
"2017-06","UG0","-1.25"
"2017-06","OG0","-0.25"
"2017-06","UG1","1"
"2017-06","OG1","1.25"
"2017-06","H","0"
"2017-06","SRF","0.25"
"2017-06","EF","-0.4"
"2017-06","L0","0.25"
"2017-06","L1","-0.1"
"2017-07","LZ",
"2017-07","UG0","-1.25"
"2017-07","OG0","-0.25"
"2017-07","UG1","1"
"2017-07","OG1","1.25"
"2017-07","H","0"
"2017-07","SRF","0.25"
"2017-07","EF","-0.4"
"2017-07","L0","0.25"
"2017-07","L1","-0.1"
"2017-08","LZ",
"2017-08","UG0","-1.25"
"2017-08","OG0","-0.25"
"2017-08","UG1","1"
"2017-08","OG1","1.25"
"2017-08","H","0"
"2017-08","SRF","0.25"
"2017-08","EF","-0.4"
"2017-08","L0","0.25"
"2017-08","L1","-0.1"
"2017-09","LZ",
"2017-09","UG0","-1.25"
"2017-09","OG0","-0.25"
"2017-09","UG1","1"
"2017-09","OG1","1.25"
"2017-09","H","0"
"2017-09","SRF","0.25"
"2017-09","EF","-0.4"
"2017-09","L0","0.25"
"2017-09","L1","-0.1"
"2017-10","LZ",
"2017-10","UG0","-1.25"
"2017-10","OG0","-0.25"
"2017-10","UG1","1"
"2017-10","OG1","1.25"
"2017-10","H","0"
"2017-10","SRF","0.25"
"2017-10","EF","-0.4"
"2017-10","L0","0.25"
"2017-10","L1","-0.1"
"2017-11","LZ",
"2017-11","UG0","-1.25"
"2017-11","OG0","-0.25"
"2017-11","UG1","1"
"2017-11","OG1","1.25"
"2017-11","H","0"
"2017-11","SRF","0.25"
"2017-11","EF","-0.4"
"2017-11","L0","0.5"
"2017-11","L1","-0.1"
"2017-12","LZ",
"2017-12","UG0","-1.25"
"2017-12","OG0","-0.25"
"2017-12","UG1","1.25"
"2017-12","OG1","1.5"
"2017-12","H","0"
"2017-12","SRF","0.25"
"2017-12","EF","-0.4"
"2017-12","L0","0.5"
"2017-12","L1","-0.1"
"2018-01","LZ",
"2018-01","UG0","-1.25"
"2018-01","OG0","-0.25"
"2018-01","UG1","1.25"
"2018-01","OG1","1.5"
"2018-01","H","0"
"2018-01","SRF","0.25"
"2018-01","EF","-0.4"
"2018-01","L0","0.5"
"2018-01","L1","-0.1"
"2018-02","LZ",
"2018-02","UG0","-1.25"
"2018-02","OG0","-0.25"
"2018-02","UG1","1.25"
"2018-02","OG1","1.5"
"2018-02","H","0"
"2018-02","SRF","0.25"
"2018-02","EF","-0.4"
"2018-02","L0","0.5"
"2018-02","L1","-0.1"
"2018-03","LZ",
"2018-03","UG0","-1.25"
"2018-03","OG0","-0.25"
"2018-03","UG1","1.5"
"2018-03","OG1","1.75"
"2018-03","H","0"
"2018-03","SRF","0.25"
"2018-03","EF","-0.4"
"2018-03","L0","0.5"
"2018-03","L1","-0.1"
"2018-04","LZ",
"2018-04","UG0","-1.25"
"2018-04","OG0","-0.25"
"2018-04","UG1","1.5"
"2018-04","OG1","1.75"
"2018-04","H","0"
"2018-04","SRF","0.25"
"2018-04","EF","-0.4"
"2018-04","L0","0.5"
"2018-04","L1","-0.1"
"2018-05","LZ",
"2018-05","UG0","-1.25"
"2018-05","OG0","-0.25"
"2018-05","UG1","1.5"
"2018-05","OG1","1.75"
"2018-05","H","0"
"2018-05","SRF","0.25"
"2018-05","EF","-0.4"
"2018-05","L0","0.5"
"2018-05","L1","-0.1"
"2018-06","LZ",
"2018-06","UG0","-1.25"
"2018-06","OG0","-0.25"
"2018-06","UG1","1.75"
"2018-06","OG1","2"
"2018-06","H","0"
"2018-06","SRF","0.25"
"2018-06","EF","-0.4"
"2018-06","L0","0.5"
"2018-06","L1","-0.1"
"2018-07","LZ",
"2018-07","UG0","-1.25"
"2018-07","OG0","-0.25"
"2018-07","UG1","1.75"
"2018-07","OG1","2"
"2018-07","H","0"
"2018-07","SRF","0.25"
"2018-07","EF","-0.4"
"2018-07","L0","0.5"
"2018-07","L1","-0.1"
"2018-08","LZ",
"2018-08","UG0","-1.25"
"2018-08","OG0","-0.25"
"2018-08","UG1","1.75"
"2018-08","OG1","2"
"2018-08","H","0"
"2018-08","SRF","0.25"
"2018-08","EF","-0.4"
"2018-08","L0","0.75"
"2018-08","L1","-0.1"
"2018-09","LZ",
"2018-09","UG0","-1.25"
"2018-09","OG0","-0.25"
"2018-09","UG1","2"
"2018-09","OG1","2.25"
"2018-09","H","0"
"2018-09","SRF","0.25"
"2018-09","EF","-0.4"
"2018-09","L0","0.75"
"2018-09","L1","-0.1"
"2018-10","LZ",
"2018-10","UG0","-1.25"
"2018-10","OG0","-0.25"
"2018-10","UG1","2"
"2018-10","OG1","2.25"
"2018-10","H","0"
"2018-10","SRF","0.25"
"2018-10","EF","-0.4"
"2018-10","L0","0.75"
"2018-10","L1","-0.1"
"2018-11","LZ",
"2018-11","UG0","-1.25"
"2018-11","OG0","-0.25"
"2018-11","UG1","2"
"2018-11","OG1","2.25"
"2018-11","H","0"
"2018-11","SRF","0.25"
"2018-11","EF","-0.4"
"2018-11","L0","0.75"
"2018-11","L1","-0.1"
"2018-12","LZ",
"2018-12","UG0","-1.25"
"2018-12","OG0","-0.25"
"2018-12","UG1","2.25"
"2018-12","OG1","2.5"
"2018-12","H","0"
"2018-12","SRF","0.25"
"2018-12","EF","-0.4"
"2018-12","L0","0.75"
"2018-12","L1","-0.1"
"2019-01","LZ",
"2019-01","UG0","-1.25"
"2019-01","OG0","-0.25"
"2019-01","UG1","2.25"
"2019-01","OG1","2.5"
"2019-01","H","0"
"2019-01","SRF","0.25"
"2019-01","EF","-0.4"
"2019-01","L0","0.75"
"2019-01","L1","-0.1"
"2019-02","LZ",
"2019-02","UG0","-1.25"
"2019-02","OG0","-0.25"
"2019-02","UG1","2.25"
"2019-02","OG1","2.5"
"2019-02","H","0"
"2019-02","SRF","0.25"
"2019-02","EF","-0.4"
"2019-02","L0","0.75"
"2019-02","L1","-0.1"
"2019-03","LZ",
"2019-03","UG0","-1.25"
"2019-03","OG0","-0.25"
"2019-03","UG1","2.25"
"2019-03","OG1","2.5"
"2019-03","H","0"
"2019-03","SRF","0.25"
"2019-03","EF","-0.4"
"2019-03","L0","0.75"
"2019-03","L1","-0.1"
"2019-04","LZ",
"2019-04","UG0","-1.25"
"2019-04","OG0","-0.25"
"2019-04","UG1","2.25"
"2019-04","OG1","2.5"
"2019-04","H","0"
"2019-04","SRF","0.25"
"2019-04","EF","-0.4"
"2019-04","L0","0.75"
"2019-04","L1","-0.1"
"2019-05","LZ",
"2019-05","UG0","-1.25"
"2019-05","OG0","-0.25"
"2019-05","UG1","2.25"
"2019-05","OG1","2.5"
"2019-05","H","0"
"2019-05","SRF","0.25"
"2019-05","EF","-0.4"
"2019-05","L0","0.75"
"2019-05","L1","-0.1"
"2019-06","LZ","-0.75"
"2019-06","UG0",
"2019-06","OG0",
"2019-06","UG1","2.25"
"2019-06","OG1","2.5"
"2019-06","H","0"
"2019-06","SRF","0.25"
"2019-06","EF","-0.4"
"2019-06","L0","0.75"
"2019-06","L1","-0.1"
"2019-07","LZ","-0.75"
"2019-07","UG0",
"2019-07","OG0",
"2019-07","UG1","2"
"2019-07","OG1","2.25"
"2019-07","H","0"
"2019-07","SRF","0.25"
"2019-07","EF","-0.4"
"2019-07","L0","0.75"
"2019-07","L1","-0.1"
"2019-08","LZ","-0.75"
"2019-08","UG0",
"2019-08","OG0",
"2019-08","UG1","2"
"2019-08","OG1","2.25"
"2019-08","H","0"
"2019-08","SRF","0.25"
"2019-08","EF","-0.4"
"2019-08","L0","0.75"
"2019-08","L1","-0.1"
"2019-09","LZ","-0.75"
"2019-09","UG0",
"2019-09","OG0",
"2019-09","UG1","1.75"
"2019-09","OG1","2"
"2019-09","H","0"
"2019-09","SRF","0.25"
"2019-09","EF","-0.5"
"2019-09","L0","0.75"
"2019-09","L1","-0.1"
"2019-10","LZ","-0.75"
"2019-10","UG0",
"2019-10","OG0",
"2019-10","UG1","1.5"
"2019-10","OG1","1.75"
"2019-10","H","0"
"2019-10","SRF","0.25"
"2019-10","EF","-0.5"
"2019-10","L0","0.75"
"2019-10","L1","-0.1"
"2019-11","LZ","-0.75"
"2019-11","UG0",
"2019-11","OG0",
"2019-11","UG1","1.5"
"2019-11","OG1","1.75"
"2019-11","H","0"
"2019-11","SRF","0.25"
"2019-11","EF","-0.5"
"2019-11","L0","0.75"
"2019-11","L1","-0.1"
"2019-12","LZ","-0.75"
"2019-12","UG0",
"2019-12","OG0",
"2019-12","UG1","1.5"
"2019-12","OG1","1.75"
"2019-12","H","0"
"2019-12","SRF","0.25"
"2019-12","EF","-0.5"
"2019-12","L0","0.75"
"2019-12","L1","-0.1"
"2020-01","LZ","-0.75"
"2020-01","UG0",
"2020-01","OG0",
"2020-01","UG1","1.5"
"2020-01","OG1","1.75"
"2020-01","H","0"
"2020-01","SRF","0.25"
"2020-01","EF","-0.5"
"2020-01","L0","0.75"
"2020-01","L1","-0.1"
"2020-02","LZ","-0.75"
"2020-02","UG0",
"2020-02","OG0",
"2020-02","UG1","1.5"
"2020-02","OG1","1.75"
"2020-02","H","0"
"2020-02","SRF","0.25"
"2020-02","EF","-0.5"
"2020-02","L0","0.75"
"2020-02","L1","-0.1"
"2020-03","LZ","-0.75"
"2020-03","UG0",
"2020-03","OG0",
"2020-03","UG1","0"
"2020-03","OG1","0.25"
"2020-03","H","0"
"2020-03","SRF","0.25"
"2020-03","EF","-0.5"
"2020-03","L0","0.1"
"2020-03","L1","-0.1"
"2020-04","LZ","-0.75"
"2020-04","UG0",
"2020-04","OG0",
"2020-04","UG1","0"
"2020-04","OG1","0.25"
"2020-04","H","0"
"2020-04","SRF","0.25"
"2020-04","EF","-0.5"
"2020-04","L0","0.1"
"2020-04","L1","-0.1"
"2020-05","LZ","-0.75"
"2020-05","UG0",
"2020-05","OG0",
"2020-05","UG1","0"
"2020-05","OG1","0.25"
"2020-05","H","0"
"2020-05","SRF","0.25"
"2020-05","EF","-0.5"
"2020-05","L0","0.1"
"2020-05","L1","-0.1"
"2020-06","LZ","-0.75"
"2020-06","UG0",
"2020-06","OG0",
"2020-06","UG1","0"
"2020-06","OG1","0.25"
"2020-06","H","0"
"2020-06","SRF","0.25"
"2020-06","EF","-0.5"
"2020-06","L0","0.1"
"2020-06","L1","-0.1"
"2020-07","LZ","-0.75"
"2020-07","UG0",
"2020-07","OG0",
"2020-07","UG1","0"
"2020-07","OG1","0.25"
"2020-07","H","0"
"2020-07","SRF","0.25"
"2020-07","EF","-0.5"
"2020-07","L0","0.1"
"2020-07","L1","-0.1"
"2020-08","LZ","-0.75"
"2020-08","UG0",
"2020-08","OG0",
"2020-08","UG1","0"
"2020-08","OG1","0.25"
"2020-08","H","0"
"2020-08","SRF","0.25"
"2020-08","EF","-0.5"
"2020-08","L0","0.1"
"2020-08","L1","-0.1"
"2020-09","LZ","-0.75"
"2020-09","UG0",
"2020-09","OG0",
"2020-09","UG1","0"
"2020-09","OG1","0.25"
"2020-09","H","0"
"2020-09","SRF","0.25"
"2020-09","EF","-0.5"
"2020-09","L0","0.1"
"2020-09","L1","-0.1"
"2020-10","LZ","-0.75"
"2020-10","UG0",
"2020-10","OG0",
"2020-10","UG1","0"
"2020-10","OG1","0.25"
"2020-10","H","0"
"2020-10","SRF","0.25"
"2020-10","EF","-0.5"
"2020-10","L0","0.1"
"2020-10","L1","-0.1"
"2020-11","LZ","-0.75"
"2020-11","UG0",
"2020-11","OG0",
"2020-11","UG1","0"
"2020-11","OG1","0.25"
"2020-11","H","0"
"2020-11","SRF","0.25"
"2020-11","EF","-0.5"
"2020-11","L0","0.1"
"2020-11","L1","-0.1"
"2020-12","LZ","-0.75"
"2020-12","UG0",
"2020-12","OG0",
"2020-12","UG1","0"
"2020-12","OG1","0.25"
"2020-12","H","0"
"2020-12","SRF","0.25"
"2020-12","EF","-0.5"
"2020-12","L0","0.1"
"2020-12","L1","-0.1"
"2021-01","LZ","-0.75"
"2021-01","UG0",
"2021-01","OG0",
"2021-01","UG1","0"
"2021-01","OG1","0.25"
"2021-01","H","0"
"2021-01","SRF","0.25"
"2021-01","EF","-0.5"
"2021-01","L0","0.1"
"2021-01","L1","-0.1"
"2021-02","LZ","-0.75"
"2021-02","UG0",
"2021-02","OG0",
"2021-02","UG1","0"
"2021-02","OG1","0.25"
"2021-02","H","0"
"2021-02","SRF","0.25"
"2021-02","EF","-0.5"
"2021-02","L0","0.1"
"2021-02","L1","-0.1"
"2021-03","LZ","-0.75"
"2021-03","UG0",
"2021-03","OG0",
"2021-03","UG1","0"
"2021-03","OG1","0.25"
"2021-03","H","0"
"2021-03","SRF","0.25"
"2021-03","EF","-0.5"
"2021-03","L0","0.1"
"2021-03","L1","-0.1"
"2021-04","LZ","-0.75"
"2021-04","UG0",
"2021-04","OG0",
"2021-04","UG1","0"
"2021-04","OG1","0.25"
"2021-04","H","0"
"2021-04","SRF","0.25"
"2021-04","EF","-0.5"
"2021-04","L0","0.1"
"2021-04","L1","-0.1"
"2021-05","LZ","-0.75"
"2021-05","UG0",
"2021-05","OG0",
"2021-05","UG1","0"
"2021-05","OG1","0.25"
"2021-05","H","0"
"2021-05","SRF","0.25"
"2021-05","EF","-0.5"
"2021-05","L0","0.1"
"2021-05","L1","-0.1"
"2021-06","LZ","-0.75"
"2021-06","UG0",
"2021-06","OG0",
"2021-06","UG1","0"
"2021-06","OG1","0.25"
"2021-06","H","0"
"2021-06","SRF","0.25"
"2021-06","EF","-0.5"
"2021-06","L0","0.1"
"2021-06","L1","-0.1"
"2021-07","LZ","-0.75"
"2021-07","UG0",
"2021-07","OG0",
"2021-07","UG1","0"
"2021-07","OG1","0.25"
"2021-07","H","0"
"2021-07","SRF","0.25"
"2021-07","EF","-0.5"
"2021-07","L0","0.1"
"2021-07","L1","-0.1"
"2021-08","LZ","-0.75"
"2021-08","UG0",
"2021-08","OG0",
"2021-08","UG1","0"
"2021-08","OG1","0.25"
"2021-08","H","0"
"2021-08","SRF","0.25"
"2021-08","EF","-0.5"
"2021-08","L0","0.1"
"2021-08","L1","-0.1"
"2021-09","LZ","-0.75"
"2021-09","UG0",
"2021-09","OG0",
"2021-09","UG1","0"
"2021-09","OG1","0.25"
"2021-09","H","0"
"2021-09","SRF","0.25"
"2021-09","EF","-0.5"
"2021-09","L0","0.1"
"2021-09","L1","-0.1"
"2021-10","LZ","-0.75"
"2021-10","UG0",
"2021-10","OG0",
"2021-10","UG1","0"
"2021-10","OG1","0.25"
"2021-10","H","0"
"2021-10","SRF","0.25"
"2021-10","EF","-0.5"
"2021-10","L0","0.1"
"2021-10","L1","-0.1"
"2021-11","LZ","-0.75"
"2021-11","UG0",
"2021-11","OG0",
"2021-11","UG1","0"
"2021-11","OG1","0.25"
"2021-11","H","0"
"2021-11","SRF","0.25"
"2021-11","EF","-0.5"
"2021-11","L0","0.1"
"2021-11","L1","-0.1"
"2021-12","LZ","-0.75"
"2021-12","UG0",
"2021-12","OG0",
"2021-12","UG1","0"
"2021-12","OG1","0.25"
"2021-12","H","0"
"2021-12","SRF","0.25"
"2021-12","EF","-0.5"
"2021-12","L0","0.25"
"2021-12","L1","-0.1"
"2022-01","LZ","-0.75"
"2022-01","UG0",
"2022-01","OG0",
"2022-01","UG1","0"
"2022-01","OG1","0.25"
"2022-01","H","0"
"2022-01","SRF","0.25"
"2022-01","EF","-0.5"
"2022-01","L0","0.25"
"2022-01","L1","-0.1"
"2022-02","LZ","-0.75"
"2022-02","UG0",
"2022-02","OG0",
"2022-02","UG1","0"
"2022-02","OG1","0.25"
"2022-02","H","0"
"2022-02","SRF","0.25"
"2022-02","EF","-0.5"
"2022-02","L0","0.5"
"2022-02","L1","-0.1"
"2022-03","LZ","-0.75"
"2022-03","UG0",
"2022-03","OG0",
"2022-03","UG1","0.25"
"2022-03","OG1","0.5"
"2022-03","H","0"
"2022-03","SRF","0.25"
"2022-03","EF","-0.5"
"2022-03","L0","0.75"
"2022-03","L1","-0.1"
"2022-04","LZ","-0.75"
"2022-04","UG0",
"2022-04","OG0",
"2022-04","UG1","0.25"
"2022-04","OG1","0.5"
"2022-04","H","0"
"2022-04","SRF","0.25"
"2022-04","EF","-0.5"
"2022-04","L0","0.75"
"2022-04","L1","-0.1"
"2022-05","LZ","-0.75"
"2022-05","UG0",
"2022-05","OG0",
"2022-05","UG1","0.75"
"2022-05","OG1","1"
"2022-05","H","0"
"2022-05","SRF","0.25"
"2022-05","EF","-0.5"
"2022-05","L0","1"
"2022-05","L1","-0.1"
"2022-06","LZ","-0.25"
"2022-06","UG0",
"2022-06","OG0",
"2022-06","UG1","1.5"
"2022-06","OG1","1.75"
"2022-06","H","0"
"2022-06","SRF","0.25"
"2022-06","EF","-0.5"
"2022-06","L0","1.25"
"2022-06","L1","-0.1"
"2022-07","LZ","-0.25"
"2022-07","UG0",
"2022-07","OG0",
"2022-07","UG1","2.25"
"2022-07","OG1","2.5"
"2022-07","H","0.5"
"2022-07","SRF","0.75"
"2022-07","EF","0"
"2022-07","L0","1.25"
"2022-07","L1","-0.1"
"2022-08","LZ","-0.25"
"2022-08","UG0",
"2022-08","OG0",
"2022-08","UG1","2.25"
"2022-08","OG1","2.5"
"2022-08","H","0.5"
"2022-08","SRF","0.75"
"2022-08","EF","0"
"2022-08","L0","1.75"
"2022-08","L1","-0.1"
"2022-09","LZ","0.5"
"2022-09","UG0",
"2022-09","OG0",
"2022-09","UG1","3"
"2022-09","OG1","3.25"
"2022-09","H","1.25"
"2022-09","SRF","1.5"
"2022-09","EF","0.75"
"2022-09","L0","2.25"
"2022-09","L1","-0.1"
"2022-10","LZ","0.5"
"2022-10","UG0",
"2022-10","OG0",
"2022-10","UG1","3"
"2022-10","OG1","3.25"
"2022-10","H","2"
"2022-10","SRF","2.25"
"2022-10","EF","1.5"
"2022-10","L0","2.25"
"2022-10","L1","-0.1"
"2022-11","LZ","0.5"
"2022-11","UG0",
"2022-11","OG0",
"2022-11","UG1","3.75"
"2022-11","OG1","4"
"2022-11","H","2"
"2022-11","SRF","2.25"
"2022-11","EF","1.5"
"2022-11","L0","3"
"2022-11","L1","-0.1"
"2022-12","LZ","1"
"2022-12","UG0",
"2022-12","OG0",
"2022-12","UG1","4.25"
"2022-12","OG1","4.5"
"2022-12","H","2.5"
"2022-12","SRF","2.75"
"2022-12","EF","2"
"2022-12","L0","3.5"
"2022-12","L1","-0.1"
"2023-01","LZ","1"
"2023-01","UG0",
"2023-01","OG0",
"2023-01","UG1","4.25"
"2023-01","OG1","4.5"
"2023-01","H","2.5"
"2023-01","SRF","2.75"
"2023-01","EF","2"
"2023-01","L0","3.5"
"2023-01","L1","-0.1"
"2023-02","LZ","1"
"2023-02","UG0",
"2023-02","OG0",
"2023-02","UG1","4.5"
"2023-02","OG1","4.75"
"2023-02","H","3"
"2023-02","SRF","3.25"
"2023-02","EF","2.5"
"2023-02","L0","4"
"2023-02","L1","-0.1"
"2023-03","LZ","1.5"
"2023-03","UG0",
"2023-03","OG0",
"2023-03","UG1","4.75"
"2023-03","OG1","5"
"2023-03","H","3.5"
"2023-03","SRF","3.75"
"2023-03","EF","3"
"2023-03","L0","4.25"
"2023-03","L1","-0.1"
"2023-04","LZ","1.5"
"2023-04","UG0",
"2023-04","OG0",
"2023-04","UG1","4.75"
"2023-04","OG1","5"
"2023-04","H","3.5"
"2023-04","SRF","3.75"
"2023-04","EF","3"
"2023-04","L0","4.25"
"2023-04","L1","-0.1"
"2023-05","LZ","1.5"
"2023-05","UG0",
"2023-05","OG0",
"2023-05","UG1","5"
"2023-05","OG1","5.25"
"2023-05","H","3.75"
"2023-05","SRF","4"
"2023-05","EF","3.25"
"2023-05","L0","4.5"
"2023-05","L1","-0.1"
"2023-06","LZ","1.75"
"2023-06","UG0",
"2023-06","OG0",
"2023-06","UG1","5"
"2023-06","OG1","5.25"
"2023-06","H","4"
"2023-06","SRF","4.25"
"2023-06","EF","3.5"
"2023-06","L0","5"
"2023-06","L1","-0.1"
"2023-07","LZ","1.75"
"2023-07","UG0",
"2023-07","OG0",
"2023-07","UG1","5.25"
"2023-07","OG1","5.5"
"2023-07","H","4.25"
"2023-07","SRF","4.5"
"2023-07","EF","3.75"
"2023-07","L0","5"
"2023-07","L1","-0.1"
"2023-08","LZ","1.75"
"2023-08","UG0",
"2023-08","OG0",
"2023-08","UG1","5.25"
"2023-08","OG1","5.5"
"2023-08","H","4.25"
"2023-08","SRF","4.5"
"2023-08","EF","3.75"
"2023-08","L0","5.25"
"2023-08","L1","-0.1"
"2023-09","LZ","1.75"
"2023-09","UG0",
"2023-09","OG0",
"2023-09","UG1","5.25"
"2023-09","OG1","5.5"
"2023-09","H","4.5"
"2023-09","SRF","4.75"
"2023-09","EF","4"
"2023-09","L0","5.25"
"2023-09","L1","-0.1"
"2023-10","LZ","1.75"
"2023-10","UG0",
"2023-10","OG0",
"2023-10","UG1","5.25"
"2023-10","OG1","5.5"
"2023-10","H","4.5"
"2023-10","SRF","4.75"
"2023-10","EF","4"
"2023-10","L0","5.25"
"2023-10","L1","-0.1"
"2023-11","LZ","1.75"
"2023-11","UG0",
"2023-11","OG0",
"2023-11","UG1","5.25"
"2023-11","OG1","5.5"
"2023-11","H","4.5"
"2023-11","SRF","4.75"
"2023-11","EF","4"
"2023-11","L0","5.25"
"2023-11","L1","-0.1"
"2023-12","LZ","1.75"
"2023-12","UG0",
"2023-12","OG0",
"2023-12","UG1","5.25"
"2023-12","OG1","5.5"
"2023-12","H","4.5"
"2023-12","SRF","4.75"
"2023-12","EF","4"
"2023-12","L0","5.25"
"2023-12","L1","-0.1"
"2024-01","LZ","1.75"
"2024-01","UG0",
"2024-01","OG0",
"2024-01","UG1","5.25"
"2024-01","OG1","5.5"
"2024-01","H","4.5"
"2024-01","SRF","4.75"
"2024-01","EF","4"
"2024-01","L0","5.25"
"2024-01","L1","-0.1"
"2024-02","LZ","1.75"
"2024-02","UG0",
"2024-02","OG0",
"2024-02","UG1","5.25"
"2024-02","OG1","5.5"
"2024-02","H","4.5"
"2024-02","SRF","4.75"
"2024-02","EF","4"
"2024-02","L0","5.25"
"2024-02","L1","-0.1"
"2024-03","LZ","1.5"
"2024-03","UG0",
"2024-03","OG0",
"2024-03","UG1","5.25"
"2024-03","OG1","5.5"
"2024-03","H","4.5"
"2024-03","SRF","4.75"
"2024-03","EF","4"
"2024-03","L0","5.25"
"2024-03","L1","0.1"
"2024-04","LZ","1.5"
"2024-04","UG0",
"2024-04","OG0",
"2024-04","UG1","5.25"
"2024-04","OG1","5.5"
"2024-04","H","4.5"
"2024-04","SRF","4.75"
"2024-04","EF","4"
"2024-04","L0","5.25"
"2024-04","L1","0.1"
"2024-05","LZ","1.5"
"2024-05","UG0",
"2024-05","OG0",
"2024-05","UG1","5.25"
"2024-05","OG1","5.5"
"2024-05","H","4.5"
"2024-05","SRF","4.75"
"2024-05","EF","4"
"2024-05","L0","5.25"
"2024-05","L1","0.1"
"2024-06","LZ","1.25"
"2024-06","UG0",
"2024-06","OG0",
"2024-06","UG1","5.25"
"2024-06","OG1","5.5"
"2024-06","H","4.25"
"2024-06","SRF","4.5"
"2024-06","EF","3.75"
"2024-06","L0","5.25"
"2024-06","L1","0.1"
"2024-07","LZ","1.25"
"2024-07","UG0",
"2024-07","OG0",
"2024-07","UG1","5.25"
"2024-07","OG1","5.5"
"2024-07","H","4.25"
"2024-07","SRF","4.5"
"2024-07","EF","3.75"
"2024-07","L0","5.25"
"2024-07","L1","0.25"
"2024-08","LZ","1.25"
"2024-08","UG0",
"2024-08","OG0",
"2024-08","UG1","5.25"
"2024-08","OG1","5.5"
"2024-08","H","4.25"
"2024-08","SRF","4.5"
"2024-08","EF","3.75"
"2024-08","L0","5"
"2024-08","L1","0.25"
"2024-09","LZ","1"
"2024-09","UG0",
"2024-09","OG0",
"2024-09","UG1","4.75"
"2024-09","OG1","5"
"2024-09","H","3.65"
"2024-09","SRF","3.9"
"2024-09","EF","3.5"
"2024-09","L0","5"
"2024-09","L1","0.25"
"2024-10","LZ","1"
"2024-10","UG0",
"2024-10","OG0",
"2024-10","UG1","4.75"
"2024-10","OG1","5"
"2024-10","H","3.4"
"2024-10","SRF","3.65"
"2024-10","EF","3.25"
"2024-10","L0","5"
"2024-10","L1","0.25"
"2024-11","LZ","1"
"2024-11","UG0",
"2024-11","OG0",
"2024-11","UG1","4.5"
"2024-11","OG1","4.75"
"2024-11","H","3.4"
"2024-11","SRF","3.65"
"2024-11","EF","3.25"
"2024-11","L0","4.75"
"2024-11","L1","0.25"
"2024-12","LZ","0.5"
"2024-12","UG0",
"2024-12","OG0",
"2024-12","UG1","4.25"
"2024-12","OG1","4.5"
"2024-12","H","3.15"
"2024-12","SRF","3.4"
"2024-12","EF","3"
"2024-12","L0","4.75"
"2024-12","L1","0.25"
"2025-01","LZ","0.5"
"2025-01","UG0",
"2025-01","OG0",
"2025-01","UG1","4.25"
"2025-01","OG1","4.5"
"2025-01","H","2.9"
"2025-01","SRF","3.15"
"2025-01","EF","2.75"
"2025-01","L0","4.75"
"2025-01","L1","0.5"
"2025-02","LZ","0.5"
"2025-02","UG0",
"2025-02","OG0",
"2025-02","UG1","4.25"
"2025-02","OG1","4.5"
"2025-02","H","2.9"
"2025-02","SRF","3.15"
"2025-02","EF","2.75"
"2025-02","L0","4.5"
"2025-02","L1","0.5"
"2025-03","LZ","0.25"
"2025-03","UG0",
"2025-03","OG0",
"2025-03","UG1","4.25"
"2025-03","OG1","4.5"
"2025-03","H","2.65"
"2025-03","SRF","2.9"
"2025-03","EF","2.5"
"2025-03","L0","4.5"
"2025-03","L1","0.5"
"2025-04","LZ","0.25"
"2025-04","UG0",
"2025-04","OG0",
"2025-04","UG1","4.25"
"2025-04","OG1","4.5"
"2025-04","H","2.4"
"2025-04","SRF","2.65"
"2025-04","EF","2.25"
"2025-04","L0","4.5"
"2025-04","L1","0.5"
"2025-05","LZ","0.25"
"2025-05","UG0",
"2025-05","OG0",
"2025-05","UG1","4.25"
"2025-05","OG1","4.5"
"2025-05","H","2.4"
"2025-05","SRF","2.65"
"2025-05","EF","2.25"
"2025-05","L0","4.25"
"2025-05","L1","0.5"
"2025-06","LZ","0"
"2025-06","UG0",
"2025-06","OG0",
"2025-06","UG1","4.25"
"2025-06","OG1","4.5"
"2025-06","H","2.15"
"2025-06","SRF","2.4"
"2025-06","EF","2"
"2025-06","L0","4.25"
"2025-06","L1","0.5"
"2025-07","LZ","0"
"2025-07","UG0",
"2025-07","OG0",
"2025-07","UG1","4.25"
"2025-07","OG1","4.5"
"2025-07","H","2.15"
"2025-07","SRF","2.4"
"2025-07","EF","2"
"2025-07","L0","4.25"
"2025-07","L1","0.5"

